method,scenario,seed,q,coverage,mean_length,mean_interval_score,bin_1_coverage,bin_2_coverage,bin_3_coverage,bin_4_coverage,bin_5_coverage
m0_gaussian,S0,20260730,0.7904141588556971,0.903,1.580828317711394,2.0919111666507275,1.0,0.972,0.919,0.855,0.769
split_cp,S0,20260730,0.8601552957589652,0.9254,1.7203105915179309,2.11266760818209,1.0,0.98,0.938,0.892,0.817
m0_gaussian,S0,20260731,0.8111897974831392,0.9026,1.622379594966279,2.1848965455991993,0.999,0.975,0.933,0.847,0.759
split_cp,S0,20260731,0.7969647213252603,0.899,1.5939294426505204,2.184660010822375,0.999,0.974,0.93,0.842,0.75
m0_gaussian,S0,20260732,0.8113182707830497,0.9036,1.6226365415660993,2.09866700621366,0.997,0.974,0.925,0.852,0.77
split_cp,S0,20260732,0.8264127950187588,0.911,1.6528255900375175,2.1008602252932542,0.998,0.978,0.931,0.862,0.786
m0_gaussian,S0,20260733,0.775716441170945,0.8914,1.5514328823418901,2.087047723531664,0.996,0.965,0.919,0.824,0.753
split_cp,S0,20260733,0.7723884236304047,0.8896,1.5447768472608097,2.0876631964086725,0.996,0.963,0.916,0.821,0.752
m0_gaussian,S0,20260734,0.8016748119196534,0.9114,1.603349623839307,2.078776267770944,0.998,0.975,0.933,0.859,0.792
split_cp,S0,20260734,0.7940513211735525,0.9098,1.5881026423471047,2.077135767954528,0.998,0.974,0.933,0.855,0.789
m0_gaussian,S0,20260735,0.7916837417092732,0.901,1.5833674834185467,2.083909619139725,1.0,0.971,0.927,0.844,0.763
split_cp,S0,20260735,0.8026586473747225,0.905,1.6053172947494452,2.0846487749142435,1.0,0.972,0.929,0.851,0.773
m0_gaussian,S0,20260736,0.8176888453616881,0.9124,1.6353776907233757,2.0502713226901275,0.999,0.98,0.934,0.866,0.783
split_cp,S0,20260736,0.8194458351932862,0.913,1.6388916703865726,2.0507149205680375,0.999,0.98,0.935,0.868,0.783
m0_gaussian,S0,20260737,0.777279588571267,0.8968,1.554559177142534,2.0926942161218327,0.999,0.965,0.918,0.833,0.769
split_cp,S0,20260737,0.8155340432645445,0.91,1.6310680865290892,2.095101743444027,0.999,0.97,0.93,0.856,0.795
m0_gaussian,S0,20260738,0.7978411427407066,0.908,1.595682285481413,2.098454915619983,0.996,0.985,0.938,0.837,0.784
split_cp,S0,20260738,0.7561971733963099,0.895,1.5123943467926202,2.0971046730198104,0.995,0.976,0.922,0.815,0.767
m0_gaussian,S0,20260739,0.8354073099006375,0.9186,1.670814619801275,2.0789736317627803,0.998,0.981,0.945,0.867,0.802
split_cp,S0,20260739,0.8588849181082272,0.9254,1.7177698362164548,2.0893786695096743,0.998,0.984,0.955,0.877,0.813
m0_gaussian,S0,20260740,0.7793129126833604,0.8958,1.5586258253667213,2.0937950656426376,0.996,0.965,0.91,0.84,0.768
split_cp,S0,20260740,0.7862807155438276,0.898,1.572561431087655,2.0934006653520463,0.996,0.966,0.915,0.842,0.771
m0_gaussian,S0,20260741,0.7860931737304575,0.9006,1.5721863474609152,2.1214487807083793,1.0,0.973,0.925,0.845,0.76
split_cp,S0,20260741,0.7939595664329584,0.902,1.5879191328659166,2.121653084664906,1.0,0.973,0.927,0.846,0.764
m0_gaussian,S0,20260742,0.759845650776461,0.8962,1.5196913015529219,2.086450496261619,0.995,0.974,0.914,0.834,0.764
split_cp,S0,20260742,0.7564667528790876,0.8948,1.5129335057581752,2.0867392733027943,0.995,0.973,0.912,0.832,0.762
m0_gaussian,S0,20260743,0.751941229232552,0.8872,1.503882458465104,2.104639069610083,1.0,0.958,0.91,0.824,0.744
split_cp,S0,20260743,0.7584329072994959,0.8888,1.5168658145989922,2.103109162991343,1.0,0.959,0.911,0.827,0.747
m0_gaussian,S0,20260744,0.7981183172858527,0.9056,1.5962366345717054,2.095303725793693,0.998,0.973,0.926,0.843,0.788
split_cp,S0,20260744,0.7696067839378956,0.8946,1.539213567875791,2.0950940648923666,0.996,0.97,0.919,0.826,0.762
m0_gaussian,S0,20260745,0.7799625981720618,0.8956,1.5599251963441234,2.1149881159370794,0.996,0.968,0.921,0.831,0.762
split_cp,S0,20260745,0.7821812625226332,0.8962,1.5643625250452666,2.1148102210883946,0.996,0.968,0.921,0.833,0.763
m0_gaussian,S0,20260746,0.7486202600589856,0.8856,1.4972405201179715,2.1005422280369594,0.996,0.964,0.895,0.81,0.763
split_cp,S0,20260746,0.7819704970929482,0.896,1.5639409941858964,2.094311474781746,0.997,0.972,0.902,0.826,0.783
m0_gaussian,S0,20260747,0.8601625636101018,0.9278,1.7203251272202036,2.130154579465266,0.999,0.984,0.953,0.9,0.803
split_cp,S0,20260747,0.8400800727584139,0.9228,1.6801601455168276,2.120035623112974,0.998,0.983,0.948,0.891,0.794
m0_gaussian,S0,20260748,0.8222104422963872,0.9088,1.6444208845927744,2.074872407294752,0.996,0.972,0.914,0.858,0.804
split_cp,S0,20260748,0.8588717105235182,0.9212,1.7177434210470361,2.085703418468849,0.999,0.981,0.923,0.876,0.827
m0_gaussian,S0,20260749,0.7582404318796325,0.8944,1.5164808637592648,2.078635353429245,0.998,0.964,0.902,0.853,0.755
split_cp,S0,20260749,0.789480802180851,0.9072,1.5789616043617019,2.079049716726638,0.999,0.974,0.919,0.868,0.776
m0_gaussian,S0,20260750,0.7657266200937582,0.8898,1.5314532401875167,2.159782658411829,0.998,0.974,0.888,0.831,0.758
split_cp,S0,20260750,0.7521331272082782,0.8858,1.5042662544165566,2.1630575477821354,0.997,0.973,0.887,0.823,0.749
m0_gaussian,S0,20260751,0.764449838907552,0.8992,1.5288996778151043,2.081374685381493,0.995,0.959,0.923,0.858,0.761
split_cp,S0,20260751,0.7586219953616548,0.8972,1.5172439907233095,2.0816134313434977,0.995,0.959,0.92,0.857,0.755
m0_gaussian,S0,20260752,0.7922613013818564,0.8952,1.5845226027637125,2.1523409787825964,0.996,0.967,0.921,0.847,0.745
split_cp,S0,20260752,0.7933011552262752,0.896,1.5866023104525502,2.1522477714507966,0.997,0.968,0.922,0.847,0.746
m0_gaussian,S0,20260753,0.8066547742319724,0.9066,1.613309548463945,2.097293507719457,1.0,0.977,0.927,0.854,0.775
split_cp,S0,20260753,0.8028050018126434,0.906,1.605610003625287,2.0968114986188624,1.0,0.977,0.926,0.854,0.773
m0_gaussian,S0,20260754,0.7904165713072544,0.8974,1.5808331426145086,2.1003264860212023,0.995,0.969,0.907,0.84,0.776
split_cp,S0,20260754,0.7957024521848848,0.9004,1.5914049043697693,2.1001887227995044,0.995,0.97,0.91,0.848,0.779
m0_gaussian,S0,20260755,0.8410154707528467,0.9158,1.6820309415056938,2.093051291000735,0.995,0.978,0.932,0.878,0.796
split_cp,S0,20260755,0.8283051018305333,0.912,1.656610203661067,2.089472288132044,0.995,0.974,0.929,0.872,0.79
m0_gaussian,S0,20260756,0.7314079523607004,0.8816,1.4628159047214009,2.099436359534787,0.997,0.955,0.912,0.798,0.746
split_cp,S0,20260756,0.7096209552750214,0.8724,1.4192419105500427,2.1094248154403177,0.996,0.948,0.899,0.787,0.732
m0_gaussian,S0,20260757,0.8129855874315898,0.914,1.6259711748631793,2.082128466508653,0.995,0.976,0.937,0.872,0.79
split_cp,S0,20260757,0.8128443823042986,0.914,1.6256887646085971,2.0820889290730116,0.995,0.976,0.937,0.872,0.79
m0_gaussian,S0,20260758,0.82706625967664,0.919,1.65413251935328,2.0857333082456857,0.999,0.985,0.932,0.877,0.802
split_cp,S0,20260758,0.8480131848163822,0.9262,1.6960263696327647,2.095111221857751,1.0,0.991,0.936,0.887,0.817
m0_gaussian,S0,20260759,0.7923294881084786,0.9068,1.5846589762169572,2.052867557338138,0.998,0.983,0.921,0.842,0.79
split_cp,S0,20260759,0.8129538157435046,0.914,1.6259076314870093,2.0571930811896277,0.999,0.988,0.927,0.851,0.805
m0_gaussian,S0,20260760,0.7386494423111374,0.89,1.477298884622275,2.102253623253644,0.996,0.967,0.914,0.817,0.756
split_cp,S0,20260760,0.7521812538310946,0.8944,1.5043625076621894,2.10016541513435,0.996,0.97,0.919,0.823,0.764
m0_gaussian,S0,20260761,0.7465582479604517,0.8882,1.4931164959209033,2.060494261157479,0.995,0.966,0.892,0.841,0.747
split_cp,S0,20260761,0.7929570955359325,0.9058,1.5859141910718648,2.057805247028706,0.997,0.976,0.916,0.862,0.778
m0_gaussian,S0,20260762,0.804908633710723,0.9066,1.609817267421446,2.10780580155154,0.998,0.974,0.938,0.86,0.763
split_cp,S0,20260762,0.7849048618263246,0.8992,1.5698097236526494,2.1065693599151576,0.998,0.971,0.931,0.848,0.748
m0_gaussian,S0,20260763,0.7705175913488311,0.8964,1.541035182697662,2.1321371684706634,0.998,0.977,0.907,0.838,0.762
split_cp,S0,20260763,0.7524352087855809,0.887,1.504870417571162,2.1352627858439126,0.996,0.976,0.895,0.826,0.742
m0_gaussian,S0,20260764,0.7644390752537398,0.8856,1.5288781505074793,2.0969496189600965,0.995,0.971,0.891,0.81,0.761
split_cp,S0,20260764,0.7668919591332188,0.8864,1.5337839182664375,2.0962643832531462,0.995,0.971,0.892,0.811,0.763
m0_gaussian,S0,20260765,0.802856249318536,0.9074,1.6057124986370719,2.089278540093394,0.996,0.976,0.919,0.87,0.776
split_cp,S0,20260765,0.8220997313012541,0.9136,1.644199462602508,2.093316126283353,0.998,0.978,0.928,0.877,0.787
m0_gaussian,S0,20260766,0.8382012359368788,0.9176,1.6764024718737571,2.112977521398216,1.0,0.977,0.937,0.882,0.792
split_cp,S0,20260766,0.820280876677381,0.9126,1.6405617533547623,2.107420750136133,0.999,0.976,0.931,0.875,0.782
m0_gaussian,S0,20260767,0.8032274024315639,0.8998,1.606454804863128,2.093644867830005,0.995,0.974,0.932,0.839,0.759
split_cp,S0,20260767,0.8110280484476671,0.9028,1.6220560968953344,2.093839232994713,0.995,0.975,0.934,0.843,0.767
m0_gaussian,S0,20260768,0.8150367446861501,0.9108,1.6300734893723001,2.1037002741373216,0.998,0.978,0.936,0.864,0.778
split_cp,S0,20260768,0.8048244747824875,0.9072,1.6096489495649746,2.1018904569778454,0.998,0.976,0.934,0.861,0.767
m0_gaussian,S0,20260769,0.7507421843317628,0.891,1.5014843686635257,2.1272440335448737,0.994,0.975,0.919,0.83,0.737
split_cp,S0,20260769,0.7893018757454036,0.9044,1.578603751490807,2.1252332526452227,0.997,0.981,0.93,0.858,0.756
m0_gaussian,S0,20260770,0.8256912516529221,0.918,1.6513825033058442,2.068941397232993,0.998,0.984,0.932,0.872,0.804
split_cp,S0,20260770,0.8298540697977133,0.919,1.6597081395954265,2.0704661715440067,0.998,0.984,0.933,0.874,0.806
m0_gaussian,S0,20260771,0.8334953674266904,0.9186,1.6669907348533801,2.111444370832774,1.0,0.977,0.941,0.866,0.809
split_cp,S0,20260771,0.8191170359564808,0.9142,1.6382340719129616,2.1067830055544463,0.999,0.977,0.936,0.86,0.799
m0_gaussian,S0,20260772,0.7799929086534679,0.906,1.559985817306936,2.0830193200305454,1.0,0.975,0.917,0.863,0.775
split_cp,S0,20260772,0.8348060972683521,0.9226,1.6696121945367037,2.0987756699479925,1.0,0.983,0.94,0.892,0.798
m0_gaussian,S0,20260773,0.7992822051173165,0.903,1.5985644102346332,2.0818735032484725,0.999,0.971,0.92,0.857,0.768
split_cp,S0,20260773,0.8533824029144721,0.9202,1.7067648058289444,2.0946834742270277,1.0,0.985,0.94,0.879,0.797
m0_gaussian,S0,20260774,0.8037265990157749,0.9082,1.6074531980315498,2.0815673572918625,0.999,0.977,0.932,0.853,0.78
split_cp,S0,20260774,0.864464404994575,0.9288,1.72892880998915,2.103414445659876,1.0,0.984,0.951,0.883,0.826
m0_gaussian,S0,20260775,0.7605317584151362,0.8908,1.5210635168302724,2.133568270111998,0.998,0.974,0.919,0.816,0.747
split_cp,S0,20260775,0.774850706650049,0.895,1.5497014133000981,2.1315339930649184,0.999,0.975,0.925,0.824,0.752
m0_gaussian,S0,20260776,0.7896595057684521,0.8974,1.5793190115369045,2.1300354742097114,0.998,0.974,0.919,0.835,0.761
split_cp,S0,20260776,0.8187912335910112,0.9072,1.6375824671820225,2.1316049722080663,0.999,0.98,0.93,0.851,0.776
m0_gaussian,S0,20260777,0.8209551300712683,0.9128,1.6419102601425366,2.066759778495449,0.998,0.979,0.935,0.846,0.806
split_cp,S0,20260777,0.8284411508658429,0.915,1.656882301731686,2.068856346606205,0.998,0.979,0.936,0.851,0.811
m0_gaussian,S0,20260778,0.8053895468300708,0.9038,1.6107790936601418,2.1335829373522994,0.998,0.978,0.908,0.854,0.781
split_cp,S0,20260778,0.8114179094461956,0.9052,1.622835818892391,2.1341342955034723,0.998,0.979,0.911,0.855,0.783
m0_gaussian,S0,20260779,0.741530852079754,0.8888,1.4830617041595084,2.0361119898207174,0.994,0.962,0.921,0.825,0.742
split_cp,S0,20260779,0.7688674633602401,0.901,1.53773492672048,2.03308241248426,0.996,0.969,0.932,0.847,0.761
m0_gaussian,S0,20260780,0.8026226703018355,0.9046,1.605245340603671,2.0815104378507963,0.998,0.973,0.923,0.838,0.791
split_cp,S0,20260780,0.8191549515795006,0.9126,1.6383099031590014,2.08429737312448,0.998,0.976,0.93,0.853,0.806
m0_gaussian,S0,20260781,0.7873786686242693,0.897,1.5747573372485384,2.1351519366521576,0.994,0.962,0.915,0.835,0.779
split_cp,S0,20260781,0.7876050487214861,0.8972,1.5752100974429724,2.135139156663431,0.994,0.962,0.916,0.835,0.779
m0_gaussian,S0,20260782,0.7126544892366593,0.8726,1.4253089784733184,2.1296931292541847,0.996,0.95,0.875,0.805,0.737
split_cp,S0,20260782,0.701256063855007,0.8674,1.4025121277100145,2.1363800830754736,0.995,0.948,0.87,0.797,0.727
m0_gaussian,S0,20260783,0.7230462887819599,0.8738,1.4460925775639202,2.106112853715141,0.995,0.952,0.878,0.818,0.726
split_cp,S0,20260783,0.7168486773678738,0.871,1.4336973547357474,2.109512799006445,0.994,0.95,0.875,0.814,0.722
m0_gaussian,S0,20260784,0.7831306607405152,0.9056,1.5662613214810306,2.03481447846241,0.997,0.969,0.917,0.839,0.806
split_cp,S0,20260784,0.7605048875491116,0.8988,1.5210097750982232,2.0338612313001323,0.997,0.969,0.915,0.824,0.789
m0_gaussian,S0,20260785,0.731713173638074,0.8786,1.4634263472761477,2.1198487604280314,0.988,0.963,0.908,0.813,0.721
split_cp,S0,20260785,0.740611778862262,0.8828,1.4812235577245243,2.1164448698030958,0.988,0.966,0.912,0.822,0.726
m0_gaussian,S0,20260786,0.7453429604423927,0.881,1.4906859208847854,2.1457555722039197,0.996,0.955,0.897,0.809,0.748
split_cp,S0,20260786,0.7601186381398105,0.8878,1.520237276279621,2.141144365071829,0.996,0.963,0.907,0.815,0.758
m0_gaussian,S0,20260787,0.7941035200663722,0.9068,1.5882070401327442,2.050727358703085,0.997,0.974,0.922,0.856,0.785
split_cp,S0,20260787,0.8130174670724792,0.9144,1.626034934144958,2.054663677299858,0.998,0.979,0.929,0.865,0.801
m0_gaussian,S0,20260788,0.736057421337065,0.8758,1.4721148426741302,2.167589981659717,0.996,0.962,0.875,0.799,0.747
split_cp,S0,20260788,0.7714876928537857,0.891,1.5429753857075712,2.1556140474421404,0.998,0.968,0.892,0.822,0.775
m0_gaussian,S0,20260789,0.7348249874220332,0.8856,1.4696499748440666,2.061730416288124,0.998,0.967,0.889,0.828,0.746
split_cp,S0,20260789,0.7190983321935263,0.8782,1.4381966643870527,2.0673262052534653,0.998,0.961,0.88,0.814,0.738
m0_gaussian,S0,20260790,0.7701158753899805,0.8998,1.5402317507799612,2.062152705548446,0.996,0.977,0.894,0.849,0.783
split_cp,S0,20260790,0.7697335337188917,0.8996,1.5394670674377835,2.062155609195346,0.996,0.976,0.894,0.849,0.783
m0_gaussian,S0,20260791,0.7875025919632483,0.8968,1.5750051839264965,2.130171685739812,0.997,0.973,0.908,0.84,0.766
split_cp,S0,20260791,0.8250208675133205,0.909,1.6500417350266405,2.1321537679692146,0.998,0.983,0.927,0.851,0.786
m0_gaussian,S0,20260792,0.7776704211708817,0.899,1.5553408423417636,2.0888162952446407,0.995,0.975,0.912,0.853,0.76
split_cp,S0,20260792,0.7709154421170108,0.8958,1.5418308842340218,2.089130388368573,0.995,0.974,0.911,0.847,0.752
m0_gaussian,S0,20260793,0.7792596708700716,0.9058,1.5585193417401435,2.0222349356889433,0.995,0.966,0.913,0.87,0.785
split_cp,S0,20260793,0.7796440474372055,0.906,1.559288094874411,2.0222799224024754,0.995,0.966,0.913,0.871,0.785
m0_gaussian,S0,20260794,0.7774889366542218,0.897,1.5549778733084434,2.110949439072342,0.993,0.966,0.904,0.83,0.792
split_cp,S0,20260794,0.7952079553197724,0.903,1.5904159106395446,2.111103038118693,0.994,0.973,0.912,0.837,0.799
m0_gaussian,S0,20260795,0.7798229710301882,0.8916,1.559645942060376,2.1603025496919828,0.999,0.974,0.919,0.813,0.753
split_cp,S0,20260795,0.7859154223863271,0.8944,1.5718308447726541,2.1594718249497395,1.0,0.975,0.923,0.817,0.757
m0_gaussian,S0,20260796,0.8026539553359717,0.9058,1.6053079106719432,2.0620739369815566,0.998,0.973,0.922,0.856,0.78
split_cp,S0,20260796,0.800453610465046,0.9056,1.6009072209300919,2.0618254259733972,0.998,0.973,0.922,0.856,0.779
m0_gaussian,S0,20260797,0.7753328927716815,0.8964,1.5506657855433628,2.121546985612723,0.998,0.967,0.922,0.843,0.752
split_cp,S0,20260797,0.7823417108967519,0.8986,1.5646834217935037,2.1211669326560667,0.998,0.969,0.925,0.845,0.756
m0_gaussian,S0,20260798,0.7700599266836319,0.8924,1.5401198533672635,2.072990365387655,0.998,0.968,0.913,0.82,0.763
split_cp,S0,20260798,0.7554147137365308,0.8874,1.5108294274730618,2.075973923233663,0.998,0.964,0.905,0.812,0.758
m0_gaussian,S0,20260799,0.7630683630755777,0.8938,1.5261367261511554,2.1070884228836952,0.999,0.977,0.912,0.833,0.748
split_cp,S0,20260799,0.7935914707662224,0.904,1.5871829415324452,2.1064488106695753,0.999,0.985,0.92,0.845,0.771
m0_gaussian,S0,20260800,0.7672687584308777,0.8876,1.5345375168617557,2.1422793941257696,0.993,0.956,0.909,0.835,0.745
split_cp,S0,20260800,0.7479186278801631,0.881,1.4958372557603263,2.1482864254262166,0.993,0.954,0.903,0.824,0.731
m0_gaussian,S0,20260801,0.7289754234369507,0.88,1.457950846873901,2.0876479712955422,0.995,0.968,0.887,0.809,0.741
split_cp,S0,20260801,0.7124961176988357,0.8726,1.4249922353976712,2.0955750813528753,0.994,0.965,0.876,0.799,0.729
m0_gaussian,S0,20260802,0.7947224690724404,0.9042,1.589444938144881,2.059055433036064,1.0,0.979,0.908,0.856,0.778
split_cp,S0,20260802,0.8046251757896725,0.9078,1.6092503515793448,2.0603093291695207,1.0,0.979,0.911,0.864,0.785
m0_gaussian,S0,20260803,0.7854828880747255,0.897,1.5709657761494513,2.1048430983943462,1.0,0.971,0.908,0.842,0.764
split_cp,S0,20260803,0.7738408308269514,0.8916,1.5476816616539026,2.1061670112017254,0.999,0.968,0.905,0.834,0.752
m0_gaussian,S0,20260804,0.7783618778442312,0.8956,1.5567237556884626,2.096558243217783,0.999,0.968,0.909,0.844,0.758
split_cp,S0,20260804,0.743174831461721,0.8804,1.4863496629234418,2.1046074939597283,0.994,0.959,0.893,0.82,0.736
m0_gaussian,S0,20260805,0.7884838332378517,0.9044,1.5769676664757029,2.0624366892946315,0.999,0.974,0.924,0.859,0.766
split_cp,S0,20260805,0.7708042730438569,0.8984,1.5416085460877138,2.061926194481145,0.997,0.971,0.915,0.846,0.763
m0_gaussian,S0,20260806,0.7862756104401949,0.9042,1.5725512208803898,2.109608774944904,0.999,0.973,0.932,0.85,0.767
split_cp,S0,20260806,0.7886999571565356,0.9044,1.5773999143130712,2.109819951130563,0.999,0.973,0.933,0.85,0.767
m0_gaussian,S0,20260807,0.7954984840579593,0.909,1.5909969681159186,2.0581804479324033,0.998,0.967,0.927,0.863,0.79
split_cp,S0,20260807,0.7464513936481132,0.891,1.4929027872962264,2.0577633142075276,0.997,0.955,0.908,0.846,0.749
m0_gaussian,S0,20260808,0.7568165508807294,0.8888,1.5136331017614584,2.1085609177465763,0.995,0.96,0.907,0.829,0.753
split_cp,S0,20260808,0.7380544271889724,0.8808,1.4761088543779444,2.1142805134252436,0.994,0.956,0.898,0.816,0.74
m0_gaussian,S0,20260809,0.7509218577677613,0.8832,1.5018437155355229,2.101849904699502,0.998,0.954,0.909,0.835,0.72
split_cp,S0,20260809,0.7742951945803999,0.8936,1.5485903891608,2.096455701239717,0.998,0.965,0.921,0.848,0.736
m0_gaussian,S0,20260810,0.8217822688937019,0.9126,1.643564537787404,2.1277606690964492,0.998,0.979,0.94,0.868,0.778
split_cp,S0,20260810,0.8118998576988141,0.9098,1.623799715397628,2.125530772486654,0.997,0.979,0.939,0.867,0.767
m0_gaussian,S0,20260811,0.8422163985913437,0.9196,1.6844327971826867,2.133060048444811,0.999,0.985,0.928,0.877,0.809
split_cp,S0,20260811,0.8587268929854203,0.9228,1.717453785970841,2.140003761164887,0.999,0.986,0.935,0.881,0.813
m0_gaussian,S0,20260812,0.7828126216394016,0.8994,1.5656252432788031,2.0965878051633364,0.994,0.968,0.917,0.843,0.775
split_cp,S0,20260812,0.7538104017446661,0.8878,1.507620803489332,2.100135312661199,0.994,0.959,0.906,0.82,0.76
m0_gaussian,S0,20260813,0.7474452476699434,0.8892,1.4948904953398865,2.1115026885591432,0.994,0.967,0.913,0.829,0.743
split_cp,S0,20260813,0.7997585342547274,0.9082,1.5995170685094544,2.1095055285520625,0.995,0.979,0.928,0.855,0.784
m0_gaussian,S0,20260814,0.757504029706862,0.8948,1.5150080594137239,2.08695516348347,0.993,0.966,0.916,0.833,0.766
split_cp,S0,20260814,0.7624750759724991,0.896,1.524950151944998,2.086508669677931,0.993,0.966,0.917,0.836,0.768
m0_gaussian,S0,20260815,0.7729438079427404,0.8922,1.5458876158854808,2.0949633492246287,1.0,0.97,0.908,0.826,0.757
split_cp,S0,20260815,0.7693651918060819,0.8908,1.5387303836121635,2.0955724743684456,1.0,0.969,0.907,0.825,0.753
m0_gaussian,S0,20260816,0.7466953891913634,0.8862,1.4933907783827267,2.092634102873421,0.995,0.958,0.914,0.825,0.739
split_cp,S0,20260816,0.7526576307040089,0.889,1.505315261408018,2.0911712105135916,0.995,0.961,0.916,0.829,0.744
m0_gaussian,S0,20260817,0.7497683340980026,0.89,1.4995366681960052,2.1069549352554886,0.997,0.965,0.912,0.829,0.747
split_cp,S0,20260817,0.7545735589504534,0.8922,1.5091471179009073,2.106091174731757,0.997,0.966,0.914,0.832,0.752
m0_gaussian,S0,20260818,0.7478878346078409,0.8882,1.495775669215682,2.1345884217124818,1.0,0.97,0.909,0.836,0.726
split_cp,S0,20260818,0.7545358626475014,0.8908,1.509071725295003,2.1331569314678207,1.0,0.971,0.91,0.84,0.733
m0_gaussian,S0,20260819,0.7706527137582663,0.8992,1.5413054275165323,2.0736663444782586,0.997,0.972,0.913,0.847,0.767
split_cp,S0,20260819,0.7763917866511887,0.9018,1.5527835733023774,2.0737087500622047,0.997,0.975,0.916,0.849,0.772
m0_gaussian,S0,20260820,0.7859159124777435,0.9008,1.5718318249554868,2.080174937047909,0.997,0.976,0.923,0.844,0.764
split_cp,S0,20260820,0.8240451157917092,0.9142,1.6480902315834187,2.0865556021692084,0.997,0.979,0.941,0.865,0.789
m0_gaussian,S0,20260821,0.8096362777944894,0.9078,1.6192725555889786,2.105285657875504,0.996,0.969,0.925,0.847,0.802
split_cp,S0,20260821,0.7683160053803882,0.8974,1.5366320107607765,2.103285806879988,0.996,0.959,0.915,0.837,0.78
m0_gaussian,S0,20260822,0.7547942238549054,0.8874,1.509588447709811,2.13286045281431,0.998,0.963,0.921,0.828,0.727
split_cp,S0,20260822,0.789978635477917,0.9,1.5799572709558343,2.128079114225734,0.999,0.971,0.931,0.848,0.751
m0_gaussian,S0,20260823,0.7227415831908686,0.8728,1.4454831663817376,2.125952509443448,0.998,0.96,0.89,0.806,0.71
split_cp,S0,20260823,0.7332584910650136,0.8768,1.4665169821300275,2.1206412447445704,0.998,0.961,0.897,0.813,0.715
m0_gaussian,S0,20260824,0.7428221199062734,0.888,1.485644239812547,2.1142011304280666,0.996,0.963,0.911,0.832,0.738
split_cp,S0,20260824,0.7334352136407685,0.8834,1.4668704272815365,2.1168535929235266,0.996,0.962,0.905,0.824,0.73
m0_gaussian,S0,20260825,0.6649706214907624,0.846,1.3299412429815245,2.1926256029112547,0.991,0.945,0.87,0.744,0.68
split_cp,S0,20260825,0.6555673676962321,0.8424,1.3111347353924645,2.20310895749198,0.99,0.94,0.869,0.739,0.674
m0_gaussian,S0,20260826,0.8035771845660763,0.9054,1.6071543691321524,2.0787795566405713,1.0,0.983,0.918,0.858,0.768
split_cp,S0,20260826,0.770894499366541,0.894,1.541788998733082,2.0788232761159304,0.999,0.977,0.909,0.829,0.756
m0_gaussian,S0,20260827,0.7579878143315033,0.893,1.5159756286630068,2.13300843685503,1.0,0.959,0.905,0.835,0.766
split_cp,S0,20260827,0.7507335448357334,0.8888,1.5014670896714666,2.1344093885547437,1.0,0.954,0.902,0.829,0.759
m0_gaussian,S0,20260828,0.7959241087588215,0.9014,1.5918482175176432,2.127401990157477,0.997,0.974,0.911,0.834,0.791
split_cp,S0,20260828,0.8307965738653169,0.9126,1.661593147730634,2.1321703853296317,0.999,0.981,0.926,0.85,0.807
m0_gaussian,S0,20260829,0.6986579328154566,0.8612,1.3973158656309133,2.191102513274792,0.993,0.944,0.87,0.798,0.701
split_cp,S0,20260829,0.7107157378169655,0.8674,1.4214314756339306,2.182504687405513,0.995,0.945,0.878,0.807,0.712
m0_gaussian,S0,20260830,0.7805489402840518,0.8936,1.5610978805681037,2.1347075520350387,0.994,0.971,0.929,0.825,0.749
split_cp,S0,20260830,0.8312927932651683,0.9126,1.662585586530337,2.1384384539539396,0.999,0.98,0.948,0.853,0.783
m0_gaussian,S0,20260831,0.8389718895637364,0.9238,1.677943779127473,2.0753458539320695,0.999,0.981,0.949,0.88,0.81
split_cp,S0,20260831,0.8598216230243891,0.9276,1.7196432460487783,2.0860029969483427,1.0,0.981,0.95,0.889,0.818
m0_gaussian,S0,20260832,0.7762967071829594,0.895,1.552593414365919,2.0980528266783645,0.997,0.976,0.913,0.831,0.758
split_cp,S0,20260832,0.805941771425692,0.9064,1.611883542851384,2.0991054947858285,0.998,0.98,0.928,0.849,0.777
m0_gaussian,S0,20260833,0.7500712837470802,0.8878,1.5001425674941606,2.094304521692307,0.999,0.967,0.909,0.824,0.74
split_cp,S0,20260833,0.7433602561491506,0.8844,1.4867205122983014,2.0961582529997496,0.997,0.965,0.907,0.817,0.736
m0_gaussian,S0,20260834,0.7828415234691082,0.899,1.5656830469382166,2.128884824159573,0.998,0.982,0.905,0.847,0.763
split_cp,S0,20260834,0.7636114091920363,0.8952,1.5272228183840724,2.1301559735405227,0.997,0.979,0.901,0.839,0.76
m0_gaussian,S0,20260835,0.8380308554729063,0.9192,1.676061710945813,2.068355107071038,0.999,0.983,0.945,0.863,0.806
split_cp,S0,20260835,0.8397384255687048,0.9204,1.6794768511374092,2.0690216367077126,0.999,0.984,0.947,0.864,0.808
m0_gaussian,S0,20260836,0.7583893891493123,0.8884,1.5167787782986244,2.1069922427023364,0.997,0.963,0.909,0.842,0.731
split_cp,S0,20260836,0.7547705881206986,0.8878,1.5095411762413968,2.107860333163866,0.997,0.963,0.909,0.841,0.729
m0_gaussian,S0,20260837,0.7901828121625689,0.9054,1.5803656243251378,2.0890948576399606,0.998,0.969,0.921,0.857,0.782
split_cp,S0,20260837,0.8240128764999763,0.9158,1.6480257529999527,2.0962173702640743,0.999,0.979,0.932,0.869,0.8
m0_gaussian,S0,20260838,0.8024316140660412,0.9046,1.6048632281320825,2.074265800377485,0.996,0.972,0.925,0.853,0.777
split_cp,S0,20260838,0.7989218872651733,0.904,1.5978437745303466,2.0739501556917106,0.996,0.971,0.925,0.852,0.776
m0_gaussian,S0,20260839,0.7880183846575876,0.9036,1.5760367693151751,2.0627067647223845,0.999,0.987,0.913,0.851,0.768
split_cp,S0,20260839,0.8269162795906815,0.9142,1.6538325591813634,2.0703184681440545,0.999,0.993,0.924,0.868,0.787
m0_gaussian,S0,20260840,0.823722645853612,0.9194,1.6474452917072244,2.0811632169675645,0.999,0.978,0.932,0.884,0.804
split_cp,S0,20260840,0.8550175601413247,0.9272,1.7100351202826496,2.0959810034976583,1.0,0.982,0.943,0.893,0.818
m0_gaussian,S0,20260841,0.7875685800677514,0.9078,1.5751371601355029,2.056382998683279,0.999,0.978,0.92,0.855,0.787
split_cp,S0,20260841,0.836429831185025,0.9238,1.6728596623700498,2.0720331252060626,0.999,0.983,0.937,0.883,0.817
m0_gaussian,S0,20260842,0.7736258132815876,0.8986,1.5472516265631755,2.092053363172501,0.998,0.973,0.923,0.844,0.755
split_cp,S0,20260842,0.7860187991448165,0.9034,1.572037598289633,2.0923298178207594,0.998,0.977,0.928,0.853,0.761
m0_gaussian,S0,20260843,0.7813655664734468,0.9038,1.562731132946894,2.0782835214644506,0.995,0.976,0.912,0.838,0.798
split_cp,S0,20260843,0.8071515770308003,0.9126,1.6143031540616009,2.0823925664812624,0.997,0.979,0.918,0.854,0.815
m0_gaussian,S0,20260844,0.7868566466614862,0.9036,1.5737132933229727,2.0800793379797637,0.996,0.979,0.923,0.847,0.773
split_cp,S0,20260844,0.8456953933384894,0.9226,1.691390786676979,2.0942467774046416,0.998,0.987,0.947,0.877,0.804
m0_gaussian,S0,20260845,0.7302991510737579,0.8776,1.4605983021475155,2.124060896190111,0.996,0.962,0.901,0.803,0.726
split_cp,S0,20260845,0.7294236390316545,0.8774,1.4588472780633093,2.1244545197919544,0.996,0.962,0.9,0.803,0.726
m0_gaussian,S0,20260846,0.8545811737581872,0.9254,1.7091623475163742,2.0854866852565013,0.998,0.98,0.945,0.889,0.815
split_cp,S0,20260846,0.8791648944425228,0.9322,1.7583297888850458,2.0997110982756153,0.998,0.984,0.95,0.899,0.83
m0_gaussian,S0,20260847,0.8081817044990354,0.9062,1.6163634089980707,2.110374841088944,0.998,0.986,0.932,0.833,0.782
split_cp,S0,20260847,0.8121807810764915,0.9078,1.6243615621529828,2.1109268546811064,0.998,0.986,0.933,0.836,0.786
m0_gaussian,S0,20260848,0.794841164977605,0.9018,1.5896823299552099,2.0921167858604464,0.998,0.969,0.92,0.859,0.763
split_cp,S0,20260848,0.7826116111229496,0.8966,1.5652232222458993,2.0923041350767,0.995,0.964,0.914,0.852,0.758
m0_gaussian,S0,20260849,0.7814089590208548,0.9032,1.5628179180417094,2.0533478544258323,0.995,0.975,0.915,0.847,0.784
split_cp,S0,20260849,0.8058468251980048,0.9122,1.6116936503960098,2.057248839021602,0.995,0.978,0.924,0.862,0.802
m0_gaussian,S0,20260850,0.7646197671636525,0.8988,1.5292395343273049,2.0901091271844385,0.997,0.972,0.926,0.83,0.769
split_cp,S0,20260850,0.7578776419470513,0.895,1.5157552838941029,2.0905401311482645,0.996,0.971,0.922,0.824,0.762
m0_gaussian,S0,20260851,0.7800327822262713,0.9032,1.5600655644525427,2.0619982056838984,0.997,0.964,0.928,0.836,0.791
split_cp,S0,20260851,0.8031814235041428,0.9098,1.6063628470082854,2.064795899298035,0.998,0.969,0.934,0.846,0.802
m0_gaussian,S0,20260852,0.7837911942210334,0.8978,1.5675823884420668,2.110347789501564,1.0,0.973,0.916,0.829,0.771
split_cp,S0,20260852,0.7527775279877575,0.8882,1.5055550559755153,2.114892253480443,1.0,0.971,0.9,0.816,0.754
m0_gaussian,S0,20260853,0.8300847723035207,0.9134,1.6601695446070415,2.148288044606143,0.997,0.986,0.943,0.855,0.786
split_cp,S0,20260853,0.8090248767699602,0.9068,1.6180497535399205,2.1441511861593106,0.997,0.984,0.934,0.848,0.771
m0_gaussian,S0,20260854,0.8045426056343669,0.901,1.609085211268734,2.1494042751682993,1.0,0.982,0.914,0.843,0.766
split_cp,S0,20260854,0.8253681274948959,0.9088,1.6507362549897917,2.1513130052990044,1.0,0.985,0.927,0.856,0.776
m0_gaussian,S0,20260855,0.7752231872571703,0.899,1.5504463745143404,2.097075178717928,0.995,0.971,0.918,0.855,0.756
split_cp,S0,20260855,0.7992351970612429,0.9072,1.598470394122486,2.0986003517564966,0.995,0.977,0.923,0.869,0.772
m0_gaussian,S0,20260856,0.8021375332101846,0.9032,1.6042750664203689,2.076061502292388,0.999,0.974,0.92,0.828,0.795
split_cp,S0,20260856,0.8060299722812813,0.9048,1.6120599445625623,2.076373721563716,0.999,0.976,0.92,0.83,0.799
m0_gaussian,S0,20260857,0.7838544579751445,0.8988,1.567708915950289,2.101306451303585,0.997,0.967,0.912,0.845,0.773
split_cp,S0,20260857,0.781514402089053,0.8974,1.5630288041781062,2.10139127385144,0.997,0.967,0.911,0.842,0.77
m0_gaussian,S0,20260858,0.742250064852938,0.873,1.4845001297058757,2.2008435051848245,0.995,0.968,0.878,0.816,0.708
split_cp,S0,20260858,0.7168143335531565,0.8632,1.4336286671063128,2.217071482851302,0.992,0.963,0.864,0.802,0.695
m0_gaussian,S0,20260859,0.773114395280432,0.9014,1.5462287905608643,2.0338386683222116,0.998,0.979,0.915,0.838,0.777
split_cp,S0,20260859,0.7597096031932835,0.897,1.5194192063865675,2.0340432264195147,0.997,0.976,0.91,0.83,0.772
m0_gaussian,S0,20260860,0.7311630134820702,0.8814,1.4623260269641403,2.088931281831121,0.993,0.964,0.89,0.794,0.766
split_cp,S0,20260860,0.7343991691703204,0.882,1.4687983383406407,2.0877370870745637,0.993,0.965,0.89,0.795,0.767
m0_gaussian,S0,20260861,0.7750255434414169,0.9018,1.5500510868828337,2.102423432013657,0.999,0.969,0.925,0.83,0.786
split_cp,S0,20260861,0.7713210172841383,0.9,1.542642034568276,2.1023609519682105,0.999,0.968,0.924,0.826,0.783
m0_gaussian,S0,20260862,0.7788529882384161,0.9002,1.5577059764768322,2.126684536694513,0.996,0.976,0.924,0.849,0.756
split_cp,S0,20260862,0.8017080099109548,0.9088,1.6034160198219098,2.128666420059523,0.996,0.98,0.932,0.863,0.773
m0_gaussian,S0,20260863,0.816875651731121,0.9114,1.6337513034622417,2.1157784713706134,0.997,0.976,0.926,0.857,0.801
split_cp,S0,20260863,0.8547467943249695,0.9232,1.7094935886499392,2.128972665495507,0.998,0.98,0.937,0.88,0.821
m0_gaussian,S0,20260864,0.7925486286509755,0.9006,1.5850972573019513,2.0737399019520844,0.996,0.978,0.906,0.85,0.773
split_cp,S0,20260864,0.7964758401207669,0.902,1.5929516802415336,2.0738346737419713,0.996,0.978,0.907,0.853,0.776
m0_gaussian,S0,20260865,0.7638103868050894,0.8932,1.527620773610179,2.1088684250172354,0.994,0.976,0.908,0.829,0.759
split_cp,S0,20260865,0.7699544201420294,0.8954,1.539908840284059,2.108132064940016,0.994,0.976,0.911,0.831,0.765
m0_gaussian,S0,20260866,0.8160219533518184,0.9144,1.6320439067036365,2.072075499503311,0.999,0.986,0.945,0.861,0.781
split_cp,S0,20260866,0.8880743455418909,0.9334,1.7761486910837816,2.1068215042419434,0.999,0.993,0.959,0.894,0.822
m0_gaussian,S0,20260867,0.773322312977308,0.9036,1.5466446259546165,2.0460501243345814,0.995,0.978,0.924,0.853,0.768
split_cp,S0,20260867,0.8489798244635411,0.9268,1.697959648927082,2.0703114377141167,1.0,0.988,0.95,0.891,0.805
m0_gaussian,S0,20260868,0.7688464000502835,0.8992,1.5376928001005672,2.081743262064057,0.997,0.972,0.908,0.854,0.765
split_cp,S0,20260868,0.7392675261156669,0.8868,1.4785350522313336,2.0856862278078925,0.996,0.961,0.892,0.836,0.749
m0_gaussian,S0,20260869,0.7965779626201192,0.8996,1.5931559252402379,2.1179822848742056,0.999,0.97,0.913,0.84,0.776
split_cp,S0,20260869,0.8301158855150161,0.9104,1.6602317710300323,2.1212392605083545,0.999,0.975,0.927,0.855,0.796
m0_gaussian,S0,20260870,0.7301221135566167,0.8848,1.4602442271132332,2.0813498434974638,0.998,0.965,0.905,0.825,0.731
split_cp,S0,20260870,0.7227894436763472,0.881,1.445578887352694,2.0838418345869614,0.998,0.963,0.902,0.819,0.723
m0_gaussian,S0,20260871,0.7810156089563038,0.9012,1.562031217912608,2.088192341577368,0.999,0.964,0.927,0.842,0.774
split_cp,S0,20260871,0.8173474782197818,0.9138,1.6346949564395636,2.0937129134514123,0.999,0.974,0.937,0.864,0.795
m0_gaussian,S0,20260872,0.7834538445013707,0.8992,1.5669076890027414,2.1462857584646824,0.995,0.976,0.917,0.845,0.763
split_cp,S0,20260872,0.7720324131133995,0.8952,1.5440648262267995,2.146828526728056,0.995,0.973,0.915,0.836,0.757
m0_gaussian,S0,20260873,0.7994971824179209,0.9126,1.5989943648358418,2.0089413599116828,0.994,0.979,0.931,0.858,0.801
split_cp,S0,20260873,0.8559741310988205,0.9294,1.7119482621976412,2.0330536208590457,0.998,0.985,0.946,0.882,0.836
m0_gaussian,S0,20260874,0.7921436317908348,0.9022,1.5842872635816696,2.0911853915683727,0.997,0.976,0.914,0.853,0.771
split_cp,S0,20260874,0.8231327598338802,0.91,1.646265519667761,2.0948144805732114,0.998,0.978,0.924,0.869,0.781
m0_gaussian,S0,20260875,0.7427791173393484,0.8852,1.485558234678697,2.111648869464203,0.993,0.965,0.902,0.816,0.75
split_cp,S0,20260875,0.746803394862976,0.8874,1.493606789725952,2.1105242612174586,0.994,0.967,0.903,0.82,0.753
m0_gaussian,S0,20260876,0.7612879479850821,0.8898,1.5225758959701639,2.1236758223640337,0.996,0.966,0.907,0.83,0.75
split_cp,S0,20260876,0.7763990852990581,0.8958,1.5527981705981162,2.1215331358026557,0.997,0.968,0.915,0.842,0.757
m0_gaussian,S0,20260877,0.7587888292151935,0.893,1.5175776584303868,2.0902791875432105,0.997,0.968,0.917,0.83,0.753
split_cp,S0,20260877,0.7745654898320723,0.899,1.549130979664145,2.0888980229783423,0.997,0.972,0.922,0.843,0.761
m0_gaussian,S0,20260878,0.8073264355129329,0.9052,1.6146528710258656,2.1018599179540964,0.999,0.976,0.923,0.844,0.784
split_cp,S0,20260878,0.8536964808097066,0.9208,1.707392961619414,2.1136217975125513,0.999,0.983,0.937,0.87,0.815
m0_gaussian,S0,20260879,0.7776611895567924,0.8916,1.555322379113585,2.134176716978276,0.996,0.975,0.908,0.815,0.764
split_cp,S0,20260879,0.803863206516019,0.9006,1.607726413032038,2.1320967893582723,0.996,0.976,0.921,0.835,0.775
m0_gaussian,S0,20260880,0.7788941015988968,0.9026,1.5577882031977934,2.0482031874108144,0.997,0.982,0.927,0.848,0.759
split_cp,S0,20260880,0.7652125706118862,0.8972,1.5304251412237726,2.0479966160172887,0.997,0.98,0.921,0.843,0.745
m0_gaussian,S0,20260881,0.778432058928227,0.9032,1.5568641178564542,2.0602063631173624,0.998,0.973,0.909,0.852,0.784
split_cp,S0,20260881,0.7983792557569259,0.9104,1.5967585115138514,2.062965261020877,0.999,0.978,0.918,0.862,0.795
m0_gaussian,S0,20260882,0.7739241706761258,0.8934,1.5478483413522515,2.1489332050161836,0.998,0.965,0.922,0.835,0.747
split_cp,S0,20260882,0.7891370735066253,0.8988,1.5782741470132504,2.147718943251064,0.998,0.968,0.929,0.843,0.756
m0_gaussian,S0,20260883,0.7838755915719184,0.9002,1.5677511831438373,2.0644079148146526,0.997,0.975,0.922,0.839,0.768
split_cp,S0,20260883,0.8326317645494701,0.9168,1.6652635290989406,2.073030563722845,0.999,0.981,0.945,0.865,0.794
m0_gaussian,S0,20260884,0.75210039831211,0.8946,1.50420079662422,2.117250169041844,0.996,0.969,0.916,0.828,0.764
split_cp,S0,20260884,0.7262954410433256,0.882,1.4525908820866515,2.1231368903588455,0.995,0.962,0.899,0.813,0.741
m0_gaussian,S0,20260885,0.7802130388216089,0.9042,1.5604260776432177,2.0375780920834465,0.999,0.975,0.928,0.831,0.788
split_cp,S0,20260885,0.7963147198123971,0.9102,1.592629439624794,2.039807853621899,0.999,0.979,0.938,0.838,0.797
m0_gaussian,S0,20260886,0.7644264030496197,0.9014,1.5288528060992395,2.0674588335099036,0.996,0.971,0.933,0.844,0.763
split_cp,S0,20260886,0.8005114671372054,0.9118,1.6010229342744111,2.072264466805239,0.996,0.978,0.937,0.861,0.787
m0_gaussian,S0,20260887,0.7233041775347796,0.874,1.446608355069559,2.1379370465914036,0.998,0.96,0.882,0.797,0.733
split_cp,S0,20260887,0.7078123491236497,0.8676,1.4156246982472993,2.1468629076280124,0.997,0.953,0.876,0.789,0.723
m0_gaussian,S0,20260888,0.7870433966872509,0.8982,1.5740867933745013,2.0994578496371994,1.0,0.979,0.923,0.835,0.754
split_cp,S0,20260888,0.787850611236804,0.8986,1.575701222473608,2.0994316149513246,1.0,0.979,0.923,0.835,0.756
m0_gaussian,S0,20260889,0.8444113006417288,0.9168,1.6888226012834573,2.112842776067639,0.998,0.98,0.937,0.874,0.795
split_cp,S0,20260889,0.858052659908048,0.92,1.716105319816096,2.117765599076991,0.998,0.982,0.94,0.881,0.799
m0_gaussian,S0,20260890,0.7477067923881215,0.8896,1.495413584776243,2.0769688930403674,0.998,0.964,0.891,0.83,0.765
split_cp,S0,20260890,0.7655678106160398,0.8954,1.53113562123208,2.074050731522649,0.998,0.968,0.897,0.84,0.774
m0_gaussian,S0,20260891,0.8301305681460571,0.9154,1.6602611362921142,2.0888072281036747,1.0,0.988,0.918,0.876,0.795
split_cp,S0,20260891,0.8819253268559237,0.9292,1.7638506537118475,2.111992833838689,1.0,0.99,0.932,0.896,0.828
m0_gaussian,S0,20260892,0.8180669757493011,0.9106,1.636133951498602,2.1227371321134942,0.998,0.983,0.93,0.88,0.762
split_cp,S0,20260892,0.8275514720945141,0.914,1.6551029441890286,2.125106671925415,0.998,0.985,0.935,0.884,0.768
m0_gaussian,S0,20260893,0.7581771275169561,0.8894,1.516354255033912,2.106719173384627,0.997,0.974,0.913,0.814,0.749
split_cp,S0,20260893,0.7750921253497203,0.8966,1.5501842506994405,2.1044503874277694,0.998,0.975,0.922,0.823,0.765
m0_gaussian,S0,20260894,0.7846385638724519,0.9016,1.569277127744904,2.0909845915875285,0.998,0.973,0.922,0.844,0.771
split_cp,S0,20260894,0.7498004513717555,0.8892,1.499600902743511,2.0943837456039813,0.997,0.97,0.906,0.826,0.747
m0_gaussian,S0,20260895,0.7775548931941788,0.8986,1.5551097863883574,2.060130259853877,0.998,0.968,0.916,0.834,0.777
split_cp,S0,20260895,0.8082903547592885,0.9098,1.6165807095185767,2.0623698730429116,1.0,0.974,0.929,0.849,0.797
m0_gaussian,S0,20260896,0.7145841153456125,0.8664,1.429168230691225,2.1573266850021815,0.989,0.962,0.881,0.792,0.708
split_cp,S0,20260896,0.7149022991898837,0.8666,1.4298045983797676,2.157112970728101,0.989,0.962,0.881,0.792,0.709
m0_gaussian,S0,20260897,0.7560019894051121,0.8838,1.512003978810224,2.1720607036475905,0.993,0.967,0.906,0.825,0.728
split_cp,S0,20260897,0.7683048386689786,0.888,1.536609677337957,2.168554308387016,0.993,0.968,0.912,0.829,0.738
m0_gaussian,S0,20260898,0.8190797394041903,0.9106,1.638159478808381,2.114023797189625,0.998,0.979,0.926,0.86,0.79
split_cp,S0,20260898,0.8246688065165015,0.9128,1.6493376130330026,2.1153512744982153,0.998,0.981,0.926,0.864,0.795
m0_gaussian,S0,20260899,0.793685674857967,0.9128,1.5873713497159339,2.0513494046835157,1.0,0.976,0.946,0.854,0.788
split_cp,S0,20260899,0.7636567671146175,0.9048,1.527313534229235,2.0460869294122563,1.0,0.973,0.935,0.847,0.769
m0_gaussian,S0,20260900,0.7940891049544061,0.9142,1.588178209908812,2.011427565242586,0.999,0.977,0.934,0.863,0.798
split_cp,S0,20260900,0.777305660288196,0.9086,1.5546113205763918,2.0076187592713444,0.999,0.972,0.93,0.852,0.79
m0_gaussian,S0,20260901,0.7771275756035824,0.9042,1.5542551512071652,2.0568584271726764,0.999,0.967,0.917,0.861,0.777
split_cp,S0,20260901,0.7820762955069054,0.906,1.5641525910138108,2.0573793746835407,0.999,0.967,0.919,0.864,0.781
m0_gaussian,S0,20260902,0.7764690140755511,0.8938,1.552938028151102,2.1435987334091915,0.995,0.974,0.917,0.827,0.756
split_cp,S0,20260902,0.7612911989675936,0.8892,1.522582397935187,2.1461851156292466,0.993,0.972,0.912,0.818,0.751
m0_gaussian,S0,20260903,0.7424823138451095,0.8848,1.4849646276902193,2.1324641262069104,0.994,0.969,0.883,0.824,0.754
split_cp,S0,20260903,0.7782312124078072,0.8972,1.5564624248156143,2.126291118890137,0.995,0.979,0.902,0.837,0.773
m0_gaussian,S0,20260904,0.7451317275707892,0.8832,1.4902634551415783,2.1418170029661194,0.994,0.962,0.891,0.822,0.747
split_cp,S0,20260904,0.767432495888767,0.8924,1.5348649917775339,2.1363362142420335,0.996,0.969,0.901,0.837,0.759
m0_gaussian,S0,20260905,0.7353421401502315,0.8776,1.4706842803004627,2.142498838911389,0.993,0.961,0.903,0.805,0.726
split_cp,S0,20260905,0.7287150857972386,0.876,1.4574301715944777,2.14558511945125,0.993,0.96,0.902,0.801,0.724
m0_gaussian,S0,20260906,0.7942503602709602,0.908,1.5885007205419204,2.1016410413691955,1.0,0.975,0.935,0.841,0.789
split_cp,S0,20260906,0.7767677069339716,0.9028,1.553535413867943,2.09971072034097,1.0,0.972,0.928,0.834,0.78
m0_gaussian,S0,20260907,0.713525944448815,0.8778,1.4270518888976298,2.0845830194230692,0.996,0.959,0.884,0.81,0.74
split_cp,S0,20260907,0.7025191949598873,0.8724,1.4050383899197743,2.090088077388939,0.994,0.958,0.879,0.798,0.733
m0_gaussian,S0,20260908,0.8360902115742603,0.9158,1.6721804231485211,2.116008953984449,1.0,0.981,0.933,0.871,0.794
split_cp,S0,20260908,0.8369395321789177,0.9162,1.6738790643578356,2.116279556307377,1.0,0.981,0.933,0.871,0.796
m0_gaussian,S0,20260909,0.7878488638271648,0.9028,1.5756977276543296,2.073340386806342,0.998,0.965,0.905,0.855,0.791
split_cp,S0,20260909,0.7674894723028236,0.898,1.5349789446056474,2.073016755307497,0.998,0.963,0.897,0.851,0.781
m0_gaussian,S0,20260910,0.7613038799533567,0.8956,1.5226077599067132,2.0639445025201226,0.997,0.969,0.909,0.84,0.763
split_cp,S0,20260910,0.7419535117863149,0.8874,1.48390702357263,2.067147313178923,0.995,0.965,0.894,0.831,0.752
m0_gaussian,S0,20260911,0.7591962570717931,0.8916,1.5183925141435863,2.095913562777886,0.997,0.958,0.91,0.836,0.757
split_cp,S0,20260911,0.7446450363580741,0.8862,1.4892900727161482,2.0991047797846236,0.997,0.953,0.902,0.828,0.751
m0_gaussian,S0,20260912,0.7262322540269095,0.8788,1.4524645080538188,2.1151682104750567,0.991,0.963,0.895,0.808,0.737
split_cp,S0,20260912,0.7570509190149592,0.8916,1.5141018380299187,2.105768951441856,0.992,0.97,0.912,0.827,0.757
m0_gaussian,S0,20260913,0.8034930030835441,0.9042,1.606986006167088,2.0993039654853165,0.998,0.972,0.916,0.858,0.777
split_cp,S0,20260913,0.8238913482436803,0.9106,1.647782696487361,2.1022357213368608,0.998,0.973,0.925,0.868,0.789
m0_gaussian,S0,20260914,0.7590962193708093,0.889,1.5181924387416184,2.1427411235527862,0.995,0.977,0.911,0.815,0.747
split_cp,S0,20260914,0.7696053484458022,0.894,1.5392106968916046,2.1409317039803066,0.996,0.977,0.916,0.822,0.759
m0_gaussian,S0,20260915,0.8076098602138705,0.9066,1.6152197204277408,2.1084063501789925,0.997,0.977,0.926,0.861,0.772
split_cp,S0,20260915,0.8431861675804314,0.9182,1.6863723351608628,2.11730950396738,0.998,0.982,0.941,0.874,0.796
m0_gaussian,S0,20260916,0.7938306426513415,0.907,1.5876612853026832,2.0725482844157668,0.999,0.985,0.926,0.862,0.763
split_cp,S0,20260916,0.7762254259812044,0.901,1.5524508519624087,2.0711244513578504,0.999,0.984,0.916,0.856,0.75
m0_gaussian,S0,20260917,0.8087347318447397,0.9134,1.6174694636894793,2.1012976305736664,0.997,0.979,0.93,0.877,0.784
split_cp,S0,20260917,0.8444811600525362,0.9224,1.6889623201050723,2.1142582499592293,0.997,0.981,0.941,0.886,0.807
m0_gaussian,S0,20260918,0.7541889786654775,0.8926,1.5083779573309553,2.05562287085807,0.995,0.955,0.918,0.832,0.763
split_cp,S0,20260918,0.7303295146678551,0.8818,1.4606590293357102,2.061409762742304,0.992,0.95,0.906,0.812,0.749
m0_gaussian,S0,20260919,0.8000031069933851,0.9028,1.60000621398677,2.089073732421044,0.998,0.971,0.916,0.842,0.787
split_cp,S0,20260919,0.7910117875642042,0.8992,1.5820235751284082,2.08884429379362,0.998,0.97,0.912,0.839,0.777
m0_gaussian,S0,20260920,0.7903889184952905,0.9044,1.5807778369905812,2.0923763215652476,0.999,0.974,0.922,0.863,0.764
split_cp,S0,20260920,0.8244993740435985,0.9154,1.6489987480871968,2.099306502715306,0.999,0.98,0.937,0.876,0.785
m0_gaussian,S0,20260921,0.7725634792460955,0.8938,1.5451269584921905,2.1380660854145206,0.997,0.966,0.927,0.827,0.752
split_cp,S0,20260921,0.8086716374538645,0.9044,1.6173432749077288,2.1378443945000423,0.997,0.975,0.939,0.841,0.77
m0_gaussian,S0,20260922,0.7612736037966202,0.8926,1.5225472075932402,2.1383157007280644,0.993,0.968,0.913,0.854,0.735
split_cp,S0,20260922,0.7703049917090621,0.8958,1.5406099834181237,2.137276581623351,0.993,0.971,0.918,0.857,0.74
m0_gaussian,S0,20260923,0.8059072207044581,0.9136,1.611814441408916,2.053419198968876,0.999,0.982,0.931,0.86,0.796
split_cp,S0,20260923,0.8454978290572264,0.9254,1.6909956581144527,2.0688514792167676,0.999,0.984,0.947,0.881,0.816
m0_gaussian,S0,20260924,0.7778084920418763,0.9052,1.5556169840837524,2.0531609902890104,0.999,0.971,0.936,0.832,0.788
split_cp,S0,20260924,0.7806542362085847,0.906,1.561308472417169,2.0534831335170125,0.999,0.971,0.936,0.833,0.791
m0_gaussian,S0,20260925,0.8520209225611384,0.9212,1.7040418451222765,2.1223107822207936,1.0,0.981,0.94,0.871,0.814
split_cp,S0,20260925,0.8798861037646408,0.9296,1.7597722075292812,2.136290141853345,1.0,0.985,0.946,0.886,0.831
m0_gaussian,S0,20260926,0.8303388879709083,0.916,1.6606777759418168,2.083365638638802,1.0,0.981,0.925,0.861,0.813
split_cp,S0,20260926,0.8311126810048692,0.916,1.6622253620097385,2.0836132524096698,1.0,0.981,0.925,0.861,0.813
m0_gaussian,S0,20260927,0.7836620815339324,0.9032,1.5673241630678645,2.116994904147739,0.996,0.968,0.926,0.849,0.777
split_cp,S0,20260927,0.7637028083629295,0.8948,1.527405616725859,2.1173247671300977,0.995,0.964,0.914,0.833,0.768
m0_gaussian,S0,20260928,0.7559695012440628,0.896,1.5119390024881254,2.046666591294626,0.998,0.972,0.894,0.845,0.771
split_cp,S0,20260928,0.7780506791475814,0.9068,1.5561013582951626,2.0474031146421323,0.998,0.977,0.911,0.857,0.791
m0_gaussian,S0,20260929,0.785153912357596,0.8982,1.570307824715192,2.105730296682495,0.999,0.968,0.935,0.841,0.748
split_cp,S0,20260929,0.803707796285887,0.9048,1.6074155925717741,2.1063043881008117,0.999,0.973,0.94,0.851,0.761
